{
  "model": {
    "l2": 0.05635538138449192,
    "vis_f1": 0.8928571422508502,
    "edge_f1": 0.6736111106542515,
    "present_acc": 0.9913194477558136
  },
  "copy_last": {
    "l2": 0.04019051790237427,
    "vis_f1": 0.7179487173699145,
    "edge_f1": 0.6806818177220196,
    "present_acc": 0.9913194477558136
  },
  "constant_velocity": {
    "l2": 0.06633798219263554,
    "vis_f1": 0.7179487173699145,
    "edge_f1": 0.6800117746317018,
    "present_acc": 0.9913194477558136
  }
}