{
	"class_name" : "PinholeCameraParameters",
	"extrinsic" : 
	[
		0.73785107370639946,
		-0.24347918630356533,
		0.629518608833184,
		0.0,
		-0.61522014761263744,
		-0.62624080675459803,
		0.47888059255605148,
		0.0,
		0.27763278445060874,
		-0.74063509084589296,
		-0.61186575260092624,
		0.0,
		-2.1343462180481643,
		1.8032734210838337,
		2.3970121098285744,
		1.0
	],
	"intrinsic" : 
	{
		"height" : 1890,
		"intrinsic_matrix" : 
		[
			1636.7880131525894,
			0.0,
			0.0,
			0.0,
			1636.7880131525894,
			0.0,
			1511.5,
			944.5,
			1.0
		],
		"width" : 3024
	},
	"version_major" : 1,
	"version_minor" : 0
}