{
  "extrinsic": [
    [
      0.7378510737063995,
      -0.6152201476126374,
      0.27763278445060874,
      -2.1343462180481643
    ],
    [
      -0.24347918630356533,
      -0.626240806754598,
      -0.740635090845893,
      1.8032734210838337
    ],
    [
      0.629518608833184,
      0.4788805925560515,
      -0.6118657526009262,
      2.3970121098285744
    ],
    [
      0.0,
      0.0,
      0.0,
      1.0
    ]
  ],
  "intrinsic_matrix": [
    [
      1636.7880131525894,
      0.0,
      1511.5
    ],
    [
      0.0,
      1636.7880131525894,
      944.5
    ],
    [
      0.0,
      0.0,
      1.0
    ]
  ],
  "width": 3024,
  "height": 1890
}