{
  "model": {
    "l2": 0.2033379003405571,
    "vis_f1": 0.7333333327348148,
    "edge_f1": 0.6903703699015901,
    "present_acc": 0.9470486044883728
  },
  "copy_last": {
    "l2": 0.2960764020681381,
    "vis_f1": 0.5622009563757354,
    "edge_f1": 0.6661450177828497,
    "present_acc": 0.9370659589767456
  },
  "constant_velocity": {
    "l2": 0.3629966676235199,
    "vis_f1": 0.5622009563757354,
    "edge_f1": 0.6498550719783243,
    "present_acc": 0.9370659589767456
  }
}