{
  "model": {
    "overall": {
      "count": 65,
      "l2": 0.20037799581455495,
      "vis_acc": 0.7846153846153846,
      "vis_f1": 0.6956521733827977
    },
    "static_vs_moving": {
      "static": {
        "count": 32,
        "l2": 0.08687950544117484,
        "vis_acc": 0.84375,
        "vis_f1": 0.66666666608
      },
      "moving": {
        "count": 33,
        "l2": 0.3104371379948024,
        "vis_acc": 0.7272727272727273,
        "vis_f1": 0.7096774188095732
      }
    },
    "motion_buckets": {
      "static_lt_5cm": {
        "count": 32,
        "l2": 0.08687950544117484,
        "vis_acc": 0.84375,
        "vis_f1": 0.66666666608
      },
      "small_5_to_15cm": {
        "count": 9,
        "l2": 0.07552731906374295,
        "vis_acc": 1.0,
        "vis_f1": 0.9999999992499999
      },
      "medium_15_to_30cm": {
        "count": 4,
        "l2": 0.202288331463933,
        "vis_acc": 1.0,
        "vis_f1": 0.9999999991666666
      },
      "large_gt_30cm": {
        "count": 20,
        "l2": 0.43777631781995296,
        "vis_acc": 0.55,
        "vis_f1": 0.47058823474048445
      }
    },
    "visibility_transitions": {
      "vis_to_vis": {
        "count": 14,
        "l2": 0.11906217411160469,
        "vis_acc": 0.8571428571428571,
        "vis_f1": 0.9230769225088757
      },
      "vis_to_hid": {
        "count": 12,
        "l2": 0.14166564292584857,
        "vis_acc": 0.6666666666666666,
        "vis_f1": 0.0
      },
      "hid_to_vis": {
        "count": 9,
        "l2": 0.5907040445341004,
        "vis_acc": 0.4444444444444444,
        "vis_f1": 0.6153846148639053
      },
      "hid_to_hid": {
        "count": 30,
        "l2": 0.14471250581555067,
        "vis_acc": 0.9,
        "vis_f1": 0.0
      }
    }
  },
  "copy_last": {
    "overall": {
      "count": 65,
      "l2": 0.31608077850049504,
      "vis_acc": 0.676923076923077,
      "vis_f1": 0.571428570907122
    },
    "static_vs_moving": {
      "static": {
        "count": 32,
        "l2": 0.009129237514571287,
        "vis_acc": 0.78125,
        "vis_f1": 0.6666666661587302
      },
      "moving": {
        "count": 33,
        "l2": 0.6137307576383605,
        "vis_acc": 0.5757575757575758,
        "vis_f1": 0.4999999994744898
      }
    },
    "motion_buckets": {
      "static_lt_5cm": {
        "count": 32,
        "l2": 0.009129237514571287,
        "vis_acc": 0.78125,
        "vis_f1": 0.6666666661587302
      },
      "small_5_to_15cm": {
        "count": 9,
        "l2": 0.0854940948386987,
        "vis_acc": 0.7777777777777778,
        "vis_f1": 0.79999999936
      },
      "medium_15_to_30cm": {
        "count": 4,
        "l2": 0.21495085209608078,
        "vis_acc": 0.75,
        "vis_f1": 0.7999999992
      },
      "large_gt_30cm": {
        "count": 20,
        "l2": 0.9311932370066642,
        "vis_acc": 0.45,
        "vis_f1": 0.1538461533964497
      }
    },
    "visibility_transitions": {
      "vis_to_vis": {
        "count": 14,
        "l2": 0.11476211858514164,
        "vis_acc": 1.0,
        "vis_f1": 0.9999999994285715
      },
      "vis_to_hid": {
        "count": 12,
        "l2": 0.15949479110228518,
        "vis_acc": 0.0,
        "vis_f1": 0.0
      },
      "hid_to_vis": {
        "count": 9,
        "l2": 1.2754215531879,
        "vis_acc": 0.0,
        "vis_f1": 0.0
      },
      "hid_to_hid": {
        "count": 30,
        "l2": 0.18486164901405572,
        "vis_acc": 1.0,
        "vis_f1": 0.0
      }
    }
  },
  "constant_velocity": {
    "overall": {
      "count": 65,
      "l2": 0.3715156643400685,
      "vis_acc": 0.676923076923077,
      "vis_f1": 0.571428570907122
    },
    "static_vs_moving": {
      "static": {
        "count": 32,
        "l2": 0.08984896097535966,
        "vis_acc": 0.78125,
        "vis_f1": 0.6666666661587302
      },
      "moving": {
        "count": 33,
        "l2": 0.6446470130573619,
        "vis_acc": 0.5757575757575758,
        "vis_f1": 0.4999999994744898
      }
    },
    "motion_buckets": {
      "static_lt_5cm": {
        "count": 32,
        "l2": 0.08984896097535966,
        "vis_acc": 0.78125,
        "vis_f1": 0.6666666661587302
      },
      "small_5_to_15cm": {
        "count": 9,
        "l2": 0.09019511689742406,
        "vis_acc": 0.7777777777777778,
        "vis_f1": 0.79999999936
      },
      "medium_15_to_30cm": {
        "count": 4,
        "l2": 0.3703934457153082,
        "vis_acc": 0.75,
        "vis_f1": 0.7999999992
      },
      "large_gt_30cm": {
        "count": 20,
        "l2": 0.9490010797977447,
        "vis_acc": 0.45,
        "vis_f1": 0.1538461533964497
      }
    },
    "visibility_transitions": {
      "vis_to_vis": {
        "count": 14,
        "l2": 0.1959855155187792,
        "vis_acc": 1.0,
        "vis_f1": 0.9999999994285715
      },
      "vis_to_hid": {
        "count": 12,
        "l2": 0.3691837072061996,
        "vis_acc": 0.0,
        "vis_f1": 0.0
      },
      "hid_to_vis": {
        "count": 9,
        "l2": 1.2896089785628848,
        "vis_acc": 0.0,
        "vis_f1": 0.0
      },
      "hid_to_hid": {
        "count": 30,
        "l2": 0.1789345223767062,
        "vis_acc": 1.0,
        "vis_f1": 0.0
      }
    }
  }
}