{
  "model": {
    "l2": 0.08981523383408785,
    "vis_f1": 0.4999999995833333,
    "edge_f1": 0.1666666665,
    "present_acc": 0.99609375
  },
  "copy_last": {
    "l2": 0.0793687131954357,
    "vis_f1": 0.24999999968749997,
    "edge_f1": 0.1666666665,
    "present_acc": 0.9973958432674408
  },
  "constant_velocity": {
    "l2": 0.15601049489305296,
    "vis_f1": 0.24999999968749997,
    "edge_f1": 0.1999999998,
    "present_acc": 0.9973958432674408
  }
}