{
  "model": {
    "l2": 0.061737947165966034,
    "vis_f1": 0.8928571422508502,
    "edge_f1": 0.6515308765625185,
    "present_acc": 0.9913194477558136
  },
  "copy_last": {
    "l2": 0.047459548339247704,
    "vis_f1": 0.7179487173699145,
    "edge_f1": 0.6435513523216181,
    "present_acc": 0.9913194477558136
  },
  "constant_velocity": {
    "l2": 0.07719894126057625,
    "vis_f1": 0.7179487173699145,
    "edge_f1": 0.6478723399745809,
    "present_acc": 0.9913194477558136
  }
}