{
  "model": {
    "overall": {
      "count": 71,
      "l2": 0.05287378973944087,
      "vis_acc": 0.9295774647887324,
      "vis_f1": 0.8717948712583826
    },
    "static_vs_moving": {
      "static": {
        "count": 60,
        "l2": 0.041408492065966127,
        "vis_acc": 0.95,
        "vis_f1": 0.8965517235814506
      },
      "moving": {
        "count": 11,
        "l2": 0.11541177704930305,
        "vis_acc": 0.8181818181818182,
        "vis_f1": 0.79999999936
      }
    },
    "motion_buckets": {
      "static_lt_5cm": {
        "count": 60,
        "l2": 0.041408492065966127,
        "vis_acc": 0.95,
        "vis_f1": 0.8965517235814506
      },
      "small_5_to_15cm": {
        "count": 9,
        "l2": 0.08820359533031781,
        "vis_acc": 0.7777777777777778,
        "vis_f1": 0.6666666659999999
      },
      "medium_15_to_30cm": {
        "count": 0,
        "l2": null,
        "vis_acc": null,
        "vis_f1": null
      },
      "large_gt_30cm": {
        "count": 2,
        "l2": 0.23784859478473663,
        "vis_acc": 1.0,
        "vis_f1": 0.9999999989999999
      }
    },
    "visibility_transitions": {
      "vis_to_vis": {
        "count": 15,
        "l2": 0.04301809600243966,
        "vis_acc": 0.9333333333333333,
        "vis_f1": 0.9655172408133174
      },
      "vis_to_hid": {
        "count": 6,
        "l2": 0.054070557157198586,
        "vis_acc": 1.0,
        "vis_f1": 0.0
      },
      "hid_to_vis": {
        "count": 7,
        "l2": 0.13838393400822366,
        "vis_acc": 0.42857142857142855,
        "vis_f1": 0.5999999994599999
      },
      "hid_to_hid": {
        "count": 43,
        "l2": 0.04222457559216161,
        "vis_acc": 1.0,
        "vis_f1": 0.0
      }
    }
  },
  "copy_last": {
    "overall": {
      "count": 71,
      "l2": 0.03531307554484057,
      "vis_acc": 0.8169014084507042,
      "vis_f1": 0.6976744180724717
    },
    "static_vs_moving": {
      "static": {
        "count": 60,
        "l2": 0.0039308952851570215,
        "vis_acc": 0.8833333333333333,
        "vis_f1": 0.7878787873314966
      },
      "moving": {
        "count": 11,
        "l2": 0.20648860423402352,
        "vis_acc": 0.45454545454545453,
        "vis_f1": 0.39999999944000003
      }
    },
    "motion_buckets": {
      "static_lt_5cm": {
        "count": 60,
        "l2": 0.0039308952851570215,
        "vis_acc": 0.8833333333333333,
        "vis_f1": 0.7878787873314966
      },
      "small_5_to_15cm": {
        "count": 9,
        "l2": 0.10046733791629474,
        "vis_acc": 0.5555555555555556,
        "vis_f1": 0.49999999937499995
      },
      "medium_15_to_30cm": {
        "count": 0,
        "l2": null,
        "vis_acc": null,
        "vis_f1": null
      },
      "large_gt_30cm": {
        "count": 2,
        "l2": 0.6835843026638031,
        "vis_acc": 0.0,
        "vis_f1": 0.0
      }
    },
    "visibility_transitions": {
      "vis_to_vis": {
        "count": 15,
        "l2": 0.01863902015805555,
        "vis_acc": 1.0,
        "vis_f1": 0.9999999994333333
      },
      "vis_to_hid": {
        "count": 6,
        "l2": 0.04098331518859292,
        "vis_acc": 0.0,
        "vis_f1": 0.0
      },
      "hid_to_vis": {
        "count": 7,
        "l2": 0.22251508298463055,
        "vis_acc": 0.0,
        "vis_f1": 0.0
      },
      "hid_to_hid": {
        "count": 43,
        "l2": 0.009863664867183151,
        "vis_acc": 1.0,
        "vis_f1": 0.0
      }
    }
  },
  "constant_velocity": {
    "overall": {
      "count": 71,
      "l2": 0.06470828270006754,
      "vis_acc": 0.8169014084507042,
      "vis_f1": 0.6976744180724717
    },
    "static_vs_moving": {
      "static": {
        "count": 60,
        "l2": 0.04478387910397335,
        "vis_acc": 0.8833333333333333,
        "vis_f1": 0.7878787873314966
      },
      "moving": {
        "count": 11,
        "l2": 0.17338684776967223,
        "vis_acc": 0.45454545454545453,
        "vis_f1": 0.39999999944000003
      }
    },
    "motion_buckets": {
      "static_lt_5cm": {
        "count": 60,
        "l2": 0.04478387910397335,
        "vis_acc": 0.8833333333333333,
        "vis_f1": 0.7878787873314966
      },
      "small_5_to_15cm": {
        "count": 9,
        "l2": 0.060009635570976466,
        "vis_acc": 0.5555555555555556,
        "vis_f1": 0.49999999937499995
      },
      "medium_15_to_30cm": {
        "count": 0,
        "l2": null,
        "vis_acc": null,
        "vis_f1": null
      },
      "large_gt_30cm": {
        "count": 2,
        "l2": 0.6835843026638031,
        "vis_acc": 0.0,
        "vis_f1": 0.0
      }
    },
    "visibility_transitions": {
      "vis_to_vis": {
        "count": 15,
        "l2": 0.050691154341135795,
        "vis_acc": 1.0,
        "vis_f1": 0.9999999994333333
      },
      "vis_to_hid": {
        "count": 6,
        "l2": 0.3421346644560496,
        "vis_acc": 0.0,
        "vis_f1": 0.0
      },
      "hid_to_vis": {
        "count": 7,
        "l2": 0.2544446814073516,
        "vis_acc": 0.0,
        "vis_f1": 0.0
      },
      "hid_to_hid": {
        "count": 43,
        "l2": 0.0,
        "vis_acc": 1.0,
        "vis_f1": 0.0
      }
    }
  }
}