{
  "model": {
    "l2": 0.20432746410369873,
    "vis_f1": 0.7777777771635802,
    "edge_f1": 0.7037037032299382,
    "present_acc": 0.9509548544883728
  },
  "copy_last": {
    "l2": 0.2960764020681381,
    "vis_f1": 0.5622009563757354,
    "edge_f1": 0.6661450177828497,
    "present_acc": 0.9370659589767456
  },
  "constant_velocity": {
    "l2": 0.3629966676235199,
    "vis_f1": 0.5622009563757354,
    "edge_f1": 0.6498550719783243,
    "present_acc": 0.9370659589767456
  }
}