{
  "model": {
    "overall": {
      "count": 70,
      "l2": 0.11273081414401531,
      "vis_acc": 0.8571428571428571,
      "vis_f1": 0.7619047613730159
    },
    "static_vs_moving": {
      "static": {
        "count": 41,
        "l2": 0.05693997688046316,
        "vis_acc": 0.926829268292683,
        "vis_f1": 0.8421052625706371
      },
      "moving": {
        "count": 29,
        "l2": 0.19160751510283042,
        "vis_acc": 0.7586206896551724,
        "vis_f1": 0.6956521733761815
      }
    },
    "motion_buckets": {
      "static_lt_5cm": {
        "count": 41,
        "l2": 0.05693997688046316,
        "vis_acc": 0.926829268292683,
        "vis_f1": 0.8421052625706371
      },
      "small_5_to_15cm": {
        "count": 13,
        "l2": 0.07313825791844955,
        "vis_acc": 0.8461538461538461,
        "vis_f1": 0.79999999936
      },
      "medium_15_to_30cm": {
        "count": 5,
        "l2": 0.13745453879237174,
        "vis_acc": 0.6,
        "vis_f1": 0.0
      },
      "large_gt_30cm": {
        "count": 11,
        "l2": 0.3562316264618527,
        "vis_acc": 0.7272727272727273,
        "vis_f1": 0.7272727266776859
      }
    },
    "visibility_transitions": {
      "vis_to_vis": {
        "count": 16,
        "l2": 0.10078609618358314,
        "vis_acc": 0.875,
        "vis_f1": 0.9333333327733333
      },
      "vis_to_hid": {
        "count": 7,
        "l2": 0.0860560956810202,
        "vis_acc": 0.5714285714285714,
        "vis_f1": 0.0
      },
      "hid_to_vis": {
        "count": 7,
        "l2": 0.27941474318504333,
        "vis_acc": 0.2857142857142857,
        "vis_f1": 0.444444444
      },
      "hid_to_hid": {
        "count": 40,
        "l2": 0.09300708947703243,
        "vis_acc": 1.0,
        "vis_f1": 0.0
      }
    }
  },
  "copy_last": {
    "overall": {
      "count": 70,
      "l2": 0.1280366001783737,
      "vis_acc": 0.8,
      "vis_f1": 0.6956521733827977
    },
    "static_vs_moving": {
      "static": {
        "count": 41,
        "l2": 0.005494081824109322,
        "vis_acc": 0.8780487804878049,
        "vis_f1": 0.7826086951077506
      },
      "moving": {
        "count": 29,
        "l2": 0.3012863675068165,
        "vis_acc": 0.6896551724137931,
        "vis_f1": 0.6086956516446124
      }
    },
    "motion_buckets": {
      "static_lt_5cm": {
        "count": 41,
        "l2": 0.005494081824109322,
        "vis_acc": 0.8780487804878049,
        "vis_f1": 0.7826086951077506
      },
      "small_5_to_15cm": {
        "count": 13,
        "l2": 0.08608982081596668,
        "vis_acc": 0.7692307692307693,
        "vis_f1": 0.7272727266446279
      },
      "medium_15_to_30cm": {
        "count": 5,
        "l2": 0.257983586192131,
        "vis_acc": 0.6,
        "vis_f1": 0.0
      },
      "large_gt_30cm": {
        "count": 11,
        "l2": 0.5752926414663141,
        "vis_acc": 0.6363636363636364,
        "vis_f1": 0.5999999994599999
      }
    },
    "visibility_transitions": {
      "vis_to_vis": {
        "count": 16,
        "l2": 0.11591406105435453,
        "vis_acc": 1.0,
        "vis_f1": 0.9999999994375
      },
      "vis_to_hid": {
        "count": 7,
        "l2": 0.062487559393048286,
        "vis_acc": 0.0,
        "vis_f1": 0.0
      },
      "hid_to_vis": {
        "count": 7,
        "l2": 0.3818501633192812,
        "vis_acc": 0.0,
        "vis_f1": 0.0
      },
      "hid_to_hid": {
        "count": 40,
        "l2": 0.09993932441575452,
        "vis_acc": 1.0,
        "vis_f1": 0.0
      }
    }
  },
  "constant_velocity": {
    "overall": {
      "count": 70,
      "l2": 0.16426717466674745,
      "vis_acc": 0.8,
      "vis_f1": 0.6956521733827977
    },
    "static_vs_moving": {
      "static": {
        "count": 41,
        "l2": 0.03364877481149828,
        "vis_acc": 0.8780487804878049,
        "vis_f1": 0.7826086951077506
      },
      "moving": {
        "count": 29,
        "l2": 0.348934567565548,
        "vis_acc": 0.6896551724137931,
        "vis_f1": 0.6086956516446124
      }
    },
    "motion_buckets": {
      "static_lt_5cm": {
        "count": 41,
        "l2": 0.03364877481149828,
        "vis_acc": 0.8780487804878049,
        "vis_f1": 0.7826086951077506
      },
      "small_5_to_15cm": {
        "count": 13,
        "l2": 0.13854318140791014,
        "vis_acc": 0.7692307692307693,
        "vis_f1": 0.7272727266446279
      },
      "medium_15_to_30cm": {
        "count": 5,
        "l2": 0.2267804652452469,
        "vis_acc": 0.6,
        "vis_f1": 0.0
      },
      "large_gt_30cm": {
        "count": 11,
        "l2": 0.6531035249883478,
        "vis_acc": 0.6363636363636364,
        "vis_f1": 0.5999999994599999
      }
    },
    "visibility_transitions": {
      "vis_to_vis": {
        "count": 16,
        "l2": 0.20630137767875567,
        "vis_acc": 1.0,
        "vis_f1": 0.9999999994375
      },
      "vis_to_hid": {
        "count": 7,
        "l2": 0.21481941494026355,
        "vis_acc": 0.0,
        "vis_f1": 0.0
      },
      "hid_to_vis": {
        "count": 7,
        "l2": 0.435309037566185,
        "vis_acc": 0.0,
        "vis_f1": 0.0
      },
      "hid_to_hid": {
        "count": 40,
        "l2": 0.09117452540667728,
        "vis_acc": 1.0,
        "vis_f1": 0.0
      }
    }
  }
}