{
  "model": {
    "l2": 0.11062543094158173,
    "vis_f1": 0.7717647053095751,
    "edge_f1": 0.7367802580472387,
    "present_acc": 0.9652777910232544
  },
  "copy_last": {
    "l2": 0.12699393182992935,
    "vis_f1": 0.679166666108177,
    "edge_f1": 0.7367802580472387,
    "present_acc": 0.9618055522441864
  },
  "constant_velocity": {
    "l2": 0.15882209688425064,
    "vis_f1": 0.679166666108177,
    "edge_f1": 0.7051597046825419,
    "present_acc": 0.9618055522441864
  }
}