{
  "model": {
    "l2": 0.05339457467198372,
    "vis_f1": 0.8831168825107943,
    "edge_f1": 0.6580063622210888,
    "present_acc": 0.9913194477558136
  },
  "copy_last": {
    "l2": 0.04019051790237427,
    "vis_f1": 0.7179487173699145,
    "edge_f1": 0.6806818177220196,
    "present_acc": 0.9913194477558136
  },
  "constant_velocity": {
    "l2": 0.06633798219263554,
    "vis_f1": 0.7179487173699145,
    "edge_f1": 0.6800117746317018,
    "present_acc": 0.9913194477558136
  }
}