{
  "model": {
    "l2": 0.01573798432946205,
    "vis_f1": 0.9499999994775,
    "edge_f1": 0.8918918913831263,
    "present_acc": 1.0
  },
  "copy_last": {
    "l2": 0.015638643875718117,
    "vis_f1": 0.959999999474489,
    "edge_f1": 0.8918918913831263,
    "present_acc": 1.0
  },
  "constant_velocity": {
    "l2": 0.00042704964289441705,
    "vis_f1": 0.959999999474489,
    "edge_f1": 0.8918918913831263,
    "present_acc": 1.0
  }
}