{
  "model": {
    "l2": 0.06242188438773155,
    "vis_f1": 0.8295454539838907,
    "edge_f1": 0.832506202964437,
    "present_acc": 0.9986979067325592
  },
  "copy_last": {
    "l2": 0.05099601484835148,
    "vis_f1": 0.7896341457784173,
    "edge_f1": 0.8466666661517555,
    "present_acc": 0.9986979067325592
  },
  "constant_velocity": {
    "l2": 0.042818221263587475,
    "vis_f1": 0.7896341457784173,
    "edge_f1": 0.8466666661517555,
    "present_acc": 0.9986979067325592
  }
}